filename,cipher_family,implementation,plaintext_length,padding_mode,file_size,entropy,chi2,byte_mean,byte_variance,byte_skewness,byte_kurtosis,serial_corr,bigram_entropy,trigram_entropy,runs,runs_z,block_entropy_std_16,block_entropy_std_8,block_mean_std_16,block_mean_std_8,top8_ratio,top16_ratio,low_byte_ratio,high_byte_ratio,even_byte_ratio,zero_byte_ratio,peak_count,max_run_length,diff_entropy
aes_128_s000_openssl.bin,AES-128,openssl,256,PKCS7,288,7.272990866052926,252.44444444444446,131.69097222222223,5628.96352961034,-0.05431539848007421,-1.1269607326824693,-0.016504730481287606,8.164906926675688,8.159871336778389,145,0.09978496744494166,0.09062275750285513,0.08645763609714398,19.779310531372186,30.001612892278263,0.11458333333333333,0.19791666666666666,0.07291666666666667,0.08680555555555555,0.5381944444444444,0.003472222222222222,7,2,7.245211794217351
aes_128_s001_openssl.bin,AES-128,openssl,1024,ISO10126,1056,7.7886497248169295,281.6969696969697,125.48863636363636,5560.912749655647,0.012477725550488055,-1.2028816490838197,-0.012929146642232584,10.027861406817296,10.041659151637214,535,0.37133684818965695,0.07096588634543635,0.06615245907792795,16.274809547027303,23.99775308366886,0.07291666666666667,0.13257575757575757,0.07196969696969698,0.05587121212121212,0.4962121212121212,0.002840909090909091,0,2,7.800199867209187
aes_128_s002_openssl.bin,AES-128,openssl,512,ISO10126,544,7.603806931585801,250.35294117647058,126.25,5280.220588235294,0.06090857090766823,-1.1795564051312117,-0.030939549651167648,9.070075422795155,9.082149041353869,274,0.13947472741114106,0.08707881825240449,0.10155314203627304,16.814379131809634,23.86278367778875,0.08639705882352941,0.15257352941176472,0.058823529411764705,0.04963235294117647,0.5183823529411765,0.0,2,2,7.611780674506228
aes_128_s003_openssl.bin,AES-128,openssl,256,Random,272,7.231458842953358,249.41176470588235,131.20220588235293,5579.96278925173,-0.10783869194733615,-1.1608376459538796,-0.02402907213890381,8.08214904135387,8.07681559705083,134,-0.23769517346630667,0.075703162801375,0.07090919677200702,22.174457946195943,27.86578281246967,0.11397058823529412,0.20220588235294118,0.06985294117647059,0.0661764705882353,0.5183823529411765,0.007352941176470588,7,1,7.15011327198622
aes_128_s004_openssl.bin,AES-128,openssl,256,Random,272,7.178648078333503,272.0,123.09926470588235,5739.604117106402,-0.022004633787968634,-1.3824401043309769,-0.020766240686430234,8.08214904135387,8.07681559705083,143,0.7326853887909877,0.07498558108224684,0.04223943122454433,18.942614321338795,28.268714184858585,0.1213235294117647,0.20955882352941177,0.08455882352941177,0.022058823529411766,0.5404411764705882,0.0,6,1,7.233615819894304
aes_128_s005_openssl.bin,AES-128,openssl,2048,PKCS7,2080,7.8997099411777905,282.83076923076925,127.08028846153846,5582.233457609098,-0.018834910833951553,-1.1908375384281482,0.0012448139758487417,10.988966010150339,11.020017474996608,1036,-0.2166307922655128,0.08218201493617167,0.07813942174580786,18.862472336816683,26.133387656359425,0.058173076923076925,0.10913461538461539,0.07548076923076923,0.06057692307692308,0.5014423076923077,0.004807692307692308,0,2,7.908708538802428
aes_128_s006_openssl.bin,AES-128,openssl,256,PKCS7,288,7.2525042878241415,252.44444444444446,131.57638888888889,5203.0358314043215,-0.004328776029028179,-1.2163813996387818,0.08672575683020411,8.157938285560705,8.159871336778389,135,-1.1775184168780186,0.05892556509887896,0.06909634979907084,22.332289266985615,30.974063379505996,0.1076388888888889,0.1909722222222222,0.041666666666666664,0.0625,0.4791666666666667,0.0,6,2,7.235612883059987
aes_128_s007_openssl.bin,AES-128,openssl,512,ISO10126,544,7.617137855434999,251.2941176470588,130.59375,5210.972828584559,-0.09928952859499404,-1.1180092979216065,0.0018781841974239194,9.084808387804362,9.082149041353869,268,-0.3981263766254893,0.07579238282385406,0.07597050852857289,15.66423199721263,25.053319748544187,0.08639705882352941,0.15808823529411764,0.0661764705882353,0.051470588235294115,0.5055147058823529,0.009191176470588236,2,2,7.616998450962863
aes_128_s008_openssl.bin,AES-128,openssl,4096,Random,4112,7.952918530340567,265.2762645914397,127.45549610894942,5489.457649753876,0.023990696854949426,-1.207816414182991,-0.018046403360463713,11.944277575926098,12.003949442559312,2077,0.628822570922294,0.08328503131150798,0.07538753607002943,18.572025263684264,26.418587228774776,0.04961089494163424,0.09557392996108949,0.05982490272373541,0.0610408560311284,0.5094844357976653,0.0038910505836575876,0,2,7.961005707522518
aes_128_s009_openssl.bin,AES-128,openssl,256,Random,272,7.299070458856163,228.7058823529412,126.91911764705883,5342.530222750865,-0.005334898581980798,-1.1689127648834385,-0.04699371927093295,8.074768967553133,8.07681559705083,149,1.4734786533346043,0.047652505135351915,0.058823529411764705,18.15222049172709,27.010735923032648,0.11029411764705882,0.19852941176470587,0.06985294117647059,0.05514705882352941,0.47794117647058826,0.0,5,1,7.186026901251353
aes_128_s010_liboqs.bin,AES-128,liboqs,512,Random,528,7.641627833523273,224.48484848484847,126.71212121212122,5383.822428833792,0.016115678067235014,-1.2177999459154376,-0.020145846841904978,9.041659151637214,9.038918989292302,271,0.5443503339472705,0.09247390617980078,0.09247390617980078,19.1795860159411,28.113852754693376,0.08333333333333333,0.15151515151515152,0.056818181818181816,0.05303030303030303,0.4962121212121212,0.003787878787878788,0,2,7.638214716412625
aes_128_s011_liboqs.bin,AES-128,liboqs,2048,ISO10126,2080,7.917189590239145,237.7846153846154,128.53365384615384,5455.753675110947,-0.0054740217082242335,-1.2105783448508083,0.03973598254485818,10.979944900240687,11.020979938904212,1006,-1.5342018677406049,0.09607365877469279,0.08980995714488936,19.41655771686849,27.548212930930198,0.057692307692307696,0.10817307692307693,0.05961538461538462,0.05576923076923077,0.5076923076923077,0.0033653846153846156,0,2,7.912588032187793
aes_128_s012_liboqs.bin,AES-128,liboqs,2048,Random,2064,7.927110225496973,206.75968992248062,125.70251937984496,5473.220613807764,0.03326512409911844,-1.1919849881409625,0.00841698166020834,10.995016714708589,11.009828617368107,1024,-0.37937438355479236,0.0762996328612183,0.08456365980337763,17.719318483753664,24.926768682428513,0.0562015503875969,0.1065891472868217,0.06734496124031007,0.05910852713178295,0.499031007751938,0.005329457364341085,0,2,7.901320827839349
aes_128_s013_liboqs.bin,AES-128,liboqs,1024,PKCS7,1056,7.800082528989775,272.969696969697,126.43655303030303,5282.126656300218,-0.004365443904315179,-1.168452798801987,-0.02522160696937455,10.016486999234358,10.041659151637214,530,0.06449620390603071,0.08393378714454673,0.08775706695608405,18.43428160284791,26.12487991224086,0.07481060606060606,0.13636363636363635,0.06060606060606061,0.04640151515151515,0.5236742424242424,0.002840909090909091,0,2,7.812347485088146
aes_128_s014_liboqs.bin,AES-128,liboqs,512,Zero,528,7.596808225715038,258.42424242424244,123.36931818181819,5549.509437413912,0.09272079113529123,-1.2223265678040074,0.03980592866795679,9.03406901880989,9.038918989292302,262,-0.23490763404393136,0.07613542137212796,0.0857935731280767,17.73988297116355,27.876498395471046,0.09090909090909091,0.16666666666666666,0.06818181818181818,0.06060606060606061,0.4943181818181818,0.0,1,2,7.539745913045283
aes_128_s015_liboqs.bin,AES-128,liboqs,1024,ANSI_X923,1056,7.831412489921094,237.0909090909091,127.56628787878788,5322.1395453110645,0.026630098455480238,-1.1677772140163412,-0.03406361752780009,10.029757141414452,10.041659151637214,529,0.014117055575446218,0.08205370841831239,0.06301441196823532,17.899504681664908,24.322089229293848,0.06912878787878787,0.12973484848484848,0.050189393939393936,0.06060606060606061,0.5018939393939394,0.002840909090909091,0,2,7.7922203819452545
aes_128_s016_liboqs.bin,AES-128,liboqs,512,ISO10126,544,7.642979806703645,248.47058823529412,129.24080882352942,5463.730614051687,-0.008373368384332086,-1.188174670292114,0.01081814907473068,9.08112514655206,9.082149041353869,285,1.0418078338830163,0.09226891950226943,0.10155314203627304,16.471225553091198,24.495941629810815,0.09191176470588236,0.1636029411764706,0.05698529411764706,0.07904411764705882,0.4724264705882353,0.0055147058823529415,3,2,7.642013070591912
aes_128_s017_liboqs.bin,AES-128,liboqs,1024,PKCS7,1056,7.80426733734571,271.5151515151515,127.22632575757575,5473.9667690757005,0.01801142046296555,-1.2211816141723912,0.010411870148516815,10.025965672220138,10.041659151637214,534,0.3221255408579601,0.08205370841831239,0.09114552587512095,17.987424469800025,26.23558917464694,0.07291666666666667,0.13352272727272727,0.05776515151515151,0.05397727272727273,0.4952651515151515,0.004734848484848485,0,2,7.824101275078671
aes_128_s018_liboqs.bin,AES-128,liboqs,256,Zero,272,7.200101030405634,253.1764705882353,126.58088235294117,5057.096399221453,0.05829451717448344,-1.070862932894797,-0.017774803523625194,8.08214904135387,8.07681559705083,145,0.995621229566151,0.08511644781463401,0.04223943122454433,17.163783968105818,23.58910053239283,0.10294117647058823,0.19117647058823528,0.051470588235294115,0.0625,0.49264705882352944,0.003676470588235294,4,1,7.243412949163875
aes_128_s019_liboqs.bin,AES-128,liboqs,256,ANSI_X923,288,7.33937772535419,218.66666666666666,132.04166666666666,5762.185763888889,-0.0991878633748336,-1.210251367173831,0.1340296635843302,8.164906926675688,8.159871336778389,130,-1.744379537562068,0.07511565157216644,0.08645763609714398,22.598002231637892,29.80816850667317,0.10069444444444445,0.1840277777777778,0.06944444444444445,0.06944444444444445,0.4791666666666667,0.003472222222222222,4,1,7.226880348472263
aes_256_s020_openssl.bin,AES-256,openssl,1024,Random,1040,7.812626351707507,250.33846153846153,130.78269230769232,5475.023931213018,-0.08122939745909181,-1.2151469821223642,-0.05242234050352234,10.011355299828177,10.019590728357882,538,1.1516935547251501,0.08987170342729171,0.06957712505817516,16.42178104687428,24.745019671051185,0.06826923076923076,0.12788461538461537,0.05961538461538462,0.057692307692307696,0.47884615384615387,0.0028846153846153848,0,2,7.817429205019458
aes_256_s021_openssl.bin,AES-256,openssl,1024,PKCS7,1056,7.82294256031335,259.3939393939394,128.50852272727272,5599.299169787362,-0.007295728643301179,-1.2179574146280334,0.046842124942660324,10.024069937622983,10.041659151637214,508,-1.290273967111045,0.07288591441247673,0.08627304525704829,17.950488534634903,26.172559803034606,0.06912878787878787,0.12973484848484848,0.0634469696969697,0.0625,0.4725378787878788,0.002840909090909091,1,2,7.810070512725019
aes_256_s022_openssl.bin,AES-256,openssl,2048,Random,2064,7.920120307011989,226.35658914728683,127.31928294573643,5547.445054524593,0.027320554441382122,-1.1920368802713595,0.020519309939668887,10.983017253970749,11.009828617368107,993,-1.7480364099730934,0.08438343897622669,0.08349655009502949,17.858018035557972,27.207092468517917,0.05862403100775194,0.10852713178294573,0.06346899224806202,0.06298449612403101,0.5159883720930233,0.00436046511627907,0,2,7.9009698794151
aes_256_s023_openssl.bin,AES-256,openssl,256,Zero,272,7.193353960686445,264.4705882352941,127.07720588235294,5418.644774545848,-0.019175231401197132,-1.1526684558427092,-0.061301564458537655,8.074768967553133,8.07681559705083,141,0.5006966297738952,0.09320019957956556,0.08054743492723031,18.554687767483152,23.9495681586751,0.11764705882352941,0.20588235294117646,0.0625,0.05514705882352941,0.5036764705882353,0.014705882352941176,7,1,7.289407020922953
aes_256_s024_openssl.bin,AES-256,openssl,256,Random,272,7.294859991842462,223.05882352941177,128.72058823529412,5155.318987889274,-0.0069783746467633,-1.1968061431504846,-0.026829254480047672,8.08214904135387,8.07681559705083,139,0.24298434998063556,0.1025890466657552,0.08054743492723031,15.72249169954351,21.8010527189395,0.10294117647058823,0.19117647058823528,0.04779411764705882,0.05514705882352941,0.4852941176470588,0.003676470588235294,4,2,7.206272980284647
aes_256_s025_openssl.bin,AES-256,openssl,1024,Random,1040,7.786605725268922,285.7846153846154,126.19711538461539,5106.052491678995,0.012402999608631053,-1.1245870052965004,-0.07224917602105906,10.00943037201297,10.019590728357882,514,-0.43421292091963587,0.0760527689741738,0.06957712505817516,16.32810825181044,23.56515040890634,0.075,0.13557692307692307,0.05,0.05096153846153846,0.5240384615384616,0.0028846153846153848,0,2,7.814939453020687
aes_256_s026_openssl.bin,AES-256,openssl,1024,Random,1040,7.821221165179988,232.12307692307692,127.18846153846154,5470.887559171598,-2.9832618649601137e-05,-1.210265103604448,-0.05129404986938407,10.00365558856735,10.019590728357882,551,1.867602526307008,0.07792890970926158,0.07749785261388417,17.906489518158086,24.860090459069855,0.06538461538461539,0.12115384615384615,0.06153846153846154,0.05673076923076923,0.5346153846153846,0.0019230769230769232,0,2,7.827565103487927
aes_256_s027_openssl.bin,AES-256,openssl,512,PKCS7,544,7.646805071404517,226.8235294117647,128.19301470588235,5609.574877676255,-0.01280560095027035,-1.1919639173895185,-0.0348525239746812,9.077441905299757,9.082149041353869,281,0.6983269480452218,0.09958844488721738,0.07597050852857289,16.75851248553179,23.9962316456347,0.07904411764705882,0.14522058823529413,0.06433823529411764,0.06433823529411764,0.5128676470588235,0.007352941176470588,1,2,7.530376484998166
aes_256_s028_openssl.bin,AES-256,openssl,256,ISO10126,288,7.232153473544342,261.3333333333333,127.9375,5350.940538194444,-0.006158503228137643,-1.2187790871879505,0.013835752362784743,8.150969644445722,8.159871336778389,144,-0.09767915666951131,0.09547032697824667,0.11947673982003648,16.112371239033827,24.762070920058363,0.1111111111111111,0.2013888888888889,0.04513888888888889,0.0625,0.5138888888888888,0.0,10,2,7.297544721076772
aes_256_s029_openssl.bin,AES-256,openssl,1024,PKCS7,1056,7.808044716545567,256.969696969697,125.67708333333333,5304.705383917299,0.0256472175883483,-1.209896194367716,0.011304444491011251,10.029757141414452,10.041659151637214,539,0.6168188528621832,0.06722817935340472,0.0701269264453546,19.489466923028274,26.951964502538324,0.06723484848484848,0.1268939393939394,0.056818181818181816,0.04734848484848485,0.5464015151515151,0.003787878787878788,0,2,7.794525163224833
aes_256_s030_liboqs.bin,AES-256,liboqs,512,PKCS7,544,7.6276563646724345,244.70588235294116,124.93198529411765,5826.956771058607,0.013242612143045387,-1.2725914344278157,0.05088403125676627,9.08112514655206,9.082149041353869,272,-0.0779661187530566,0.09154337939697597,0.10724964813099133,19.90570237523043,27.050881674493176,0.08272058823529412,0.15625,0.08272058823529412,0.05698529411764706,0.47610294117647056,0.009191176470588236,1,2,7.601295723430042
aes_256_s031_liboqs.bin,AES-256,liboqs,2048,ANSI_X923,2080,7.916895351420297,233.35384615384615,128.7153846153846,5642.902647928994,0.015454941794886616,-1.253709934307083,0.03670118351187755,10.9924509127467,11.020017474996608,1017,-1.0500857095487186,0.10353843565767512,0.1061975737141561,18.813212453827237,27.868751521920256,0.05625,0.10721153846153846,0.06201923076923077,0.07115384615384615,0.4951923076923077,0.002403846153846154,0,3,7.905129687303362
aes_256_s032_liboqs.bin,AES-256,liboqs,2048,ANSI_X923,2080,7.904717090643656,274.7076923076923,128.0826923076923,5522.622969674557,-0.005570839686794912,-1.2195974687192845,-0.02637762268775934,10.987042008226336,11.020979938904212,1037,-0.17036953038703737,0.07346735688383446,0.07749785261388417,16.39330710233537,25.381547818731548,0.058173076923076925,0.10913461538461539,0.06153846153846154,0.06009615384615385,0.49903846153846154,0.0033653846153846156,0,2,7.917560467576596
aes_256_s033_liboqs.bin,AES-256,liboqs,512,ANSI_X923,544,7.5425595147933855,293.6470588235294,126.17279411764706,5295.319406898789,0.04409360244293373,-1.161700848478952,0.026252289835218705,9.073758664047455,9.082149041353869,270,-0.24218405089825276,0.08154806254712807,0.08471851927796259,15.232587537094922,22.87411631823108,0.08272058823529412,0.15625,0.04779411764705882,0.058823529411764705,0.4742647058823529,0.003676470588235294,0,2,7.647021177248293
aes_256_s034_liboqs.bin,AES-256,liboqs,1024,ISO10126,1056,7.777333864113636,313.6969696969697,122.98295454545455,5371.817891270662,0.08150597326937854,-1.1801228893014368,-0.04345160633319313,10.027861406817296,10.041659151637214,562,2.1438577198074493,0.08930650725915508,0.07449227439127704,19.285836334645218,25.363273398415718,0.07954545454545454,0.14015151515151514,0.06912878787878787,0.045454545454545456,0.5151515151515151,0.003787878787878788,1,2,7.844441908315089
aes_256_s035_liboqs.bin,AES-256,liboqs,1024,PKCS7,1056,7.828846742674277,237.57575757575756,127.54829545454545,5636.200319064222,-0.04377924457602355,-1.231397426991976,0.017877624355135468,10.03544434520592,10.041659151637214,527,-0.11152799332442608,0.08495326322729471,0.07818093727481172,17.43105261038152,24.48690632511236,0.06912878787878787,0.1278409090909091,0.07196969696969698,0.05587121212121212,0.5160984848484849,0.002840909090909091,0,2,7.83195195494731
aes_256_s036_liboqs.bin,AES-256,liboqs,4096,ISO10126,4128,7.953036679378858,256.74418604651163,128.1470445736434,5502.164666653052,-0.0067438252948633,-1.176354715809885,-0.011022848780037524,11.95575056647582,12.010528105886484,2111,1.4321063875939737,0.08771086618903207,0.08376379389200479,18.410073093002097,25.555449521161496,0.048207364341085274,0.09302325581395349,0.06807170542635659,0.06346899224806202,0.4997577519379845,0.00436046511627907,0,2,7.955942991655431
aes_256_s037_liboqs.bin,AES-256,liboqs,4096,ISO10126,4128,7.946743474714494,296.6821705426357,126.93435077519379,5548.1669595591275,0.0034320227892095413,-1.2192272597934262,-0.006760595491682266,11.95575056647582,12.009558643937867,2069,0.13057532590902152,0.08035678395411155,0.07989780322260487,18.113998743370416,26.00978979591592,0.050387596899224806,0.09593023255813954,0.06443798449612403,0.05765503875968992,0.4900678294573643,0.006056201550387597,0,2,7.956463828312864
aes_256_s038_liboqs.bin,AES-256,liboqs,512,Zero,528,7.6337967741029145,236.12121212121212,124.93939393939394,5742.466023875115,0.01655425758959478,-1.2430617026573991,0.025519293415231407,9.037864085223552,9.038918989292302,259,-0.4904335867454267,0.07325408941596105,0.06615245907792795,20.598999249653755,27.492080836553633,0.08522727272727272,0.1590909090909091,0.08712121212121213,0.04924242424242424,0.5151515151515151,0.015151515151515152,1,1,7.589968185169322
aes_256_s039_liboqs.bin,AES-256,liboqs,2048,ANSI_X923,2080,7.911088681685815,254.27692307692308,128.61923076923077,5366.358860946746,-0.025707510772541273,-1.1556638740963445,0.0350717168784067,10.992814013998341,11.020979938904212,1005,-1.5575350791015314,0.0870357882667714,0.09054197123100488,19.813169495716135,26.86857195728252,0.05913461538461538,0.11009615384615384,0.06346153846153846,0.05913461538461538,0.5057692307692307,0.0033653846153846156,0,2,7.907826453833111
des_s040_openssl.bin,DES,openssl,4096,ISO10126,4112,7.957473605391503,240.8715953307393,127.55374513618678,5470.659076440881,-0.008915178419375192,-1.2016248400014664,-0.002510068852809729,11.941964324891233,12.004922678569045,2090,1.0301222811219017,0.07966369353667811,0.0776094522196821,18.84993268589746,26.36780932335611,0.04961089494163424,0.0946011673151751,0.06614785992217899,0.05763618677042802,0.4968385214007782,0.004377431906614786,0,2,7.954385126125557
des_s041_openssl.bin,DES,openssl,1024,PKCS7,1040,7.836692783469452,228.1846153846154,131.03269230769232,5510.5450850591715,-0.11688087673849518,-1.1589358282257276,-0.04690170380841584,10.007505444197763,10.019590728357882,551,1.9911500436472496,0.07169750723964326,0.08567949773055948,17.97980339857695,24.263926184880415,0.07307692307692308,0.13173076923076923,0.07788461538461539,0.06346153846153846,0.48846153846153845,0.0028846153846153848,0,2,7.825661877493093
des_s042_openssl.bin,DES,openssl,512,PKCS7,528,7.603195028116021,261.3333333333333,127.62121212121212,5332.360307621671,-0.07982177716803127,-1.2031791710853466,-0.019995039125918355,9.037864085223552,9.038918989292302,273,0.7245463311650391,0.08211925526014696,0.11439143083743561,16.83981277699059,21.872748473922737,0.08901515151515152,0.16477272727272727,0.07007575757575757,0.045454545454545456,0.4734848484848485,0.011363636363636364,2,2,7.597332915827869
des_s043_openssl.bin,DES,openssl,1024,Zero,1032,7.80578194242333,262.8837209302325,125.51065891472868,5163.116165457304,0.06275516741519327,-1.1305699861640137,-0.0059634223418458835,9.99236983948256,10.008428622070578,527,0.6825415860153363,0.1465833769243039,0.09204916346541021,20.679127692322627,27.27923646306274,0.07364341085271318,0.1308139534883721,0.06201550387596899,0.04844961240310078,0.5203488372093024,0.005813953488372093,1,2,7.824275651905153
des_s044_openssl.bin,DES,openssl,1024,PKCS7,1040,7.830555743589619,234.09230769230768,127.41057692307692,5274.07084966716,0.01606455899411116,-1.1595626579215301,0.021136731393163622,10.005580516382556,10.019590728357882,515,-0.36272711355610615,0.09813346786286979,0.08224386453978114,17.656130340747584,24.51020310805133,0.06923076923076923,0.12788461538461537,0.057692307692307696,0.05673076923076923,0.4971153846153846,0.0057692307692307696,0,2,7.82924596362566
des_s045_openssl.bin,DES,openssl,512,Random,520,7.629535152724472,228.30769230769232,126.54615384615384,5394.509408284023,-0.007159394097315344,-1.1485163513545606,0.01009106245645844,9.015737163810675,9.016808287686555,248,-1.0869342588721038,0.17440703686698997,0.07236495277779531,18.600680878497695,27.085482284643113,0.08269230769230769,0.14807692307692308,0.075,0.05961538461538462,0.5076923076923077,0.0038461538461538464,1,2,7.631159770063651
des_s046_openssl.bin,DES,openssl,1024,ISO10126,1040,7.81359076122072,247.87692307692308,126.87884615384615,5532.360321745562,-0.03440053444298435,-1.219785956642773,0.02203725118446136,10.017130083273798,10.019590728357882,502,-1.162334718601172,0.0842286127657878,0.08567949773055948,17.556806416693625,25.71231343403735,0.06634615384615385,0.12403846153846154,0.06923076923076923,0.05480769230769231,0.4826923076923077,0.0057692307692307696,0,2,7.791063509243306
des_s047_openssl.bin,DES,openssl,2048,Zero,2056,7.889919544446201,302.7859922178988,127.6785019455253,5434.931172074898,0.008044678170324485,-1.2086982125962176,0.05278091620681096,10.968912946208949,11.003246756483724,1003,-1.1376759475559004,0.11294666908296913,0.0766571529371422,19.39645780202946,26.686058664328616,0.05982490272373541,0.11429961089494163,0.057392996108949414,0.05885214007782101,0.4965953307392996,0.0029182879377431907,0,2,7.919426147094675
des_s048_openssl.bin,DES,openssl,2048,ISO10126,2064,7.921517923087155,217.67441860465115,127.35707364341086,5469.437905389926,0.03703141603638297,-1.209628036499872,8.954237778514247e-05,10.984352633273785,11.009828617368107,1045,0.5532746793926672,0.07618768948198948,0.08261475839939436,19.83074761528195,26.64391557691494,0.055232558139534885,0.10319767441860465,0.05862403100775194,0.06443798449612403,0.5092054263565892,0.0029069767441860465,0,2,7.916722960322878
des_s049_openssl.bin,DES,openssl,1024,ISO10126,1040,7.825170927221991,245.41538461538462,131.2153846153846,5368.374763313609,-0.06623326936419954,-1.1564235506401794,0.008829085584820507,10.00943037201297,10.019590728357882,515,-0.2860699421994346,0.08320299344943295,0.07987138329728918,16.33823688368655,26.52168477517236,0.07403846153846154,0.13365384615384615,0.06153846153846154,0.0673076923076923,0.5173076923076924,0.0009615384615384616,0,2,7.822267467061019
des_s050_liboqs.bin,DES,liboqs,512,Random,520,7.55789243185387,279.5076923076923,125.10192307692307,5263.749227071006,0.07772865723664933,-1.0965022963869013,-0.03981127008901416,9.008030034716262,9.016808287686555,262,0.14521793742015734,0.17710105647819635,0.07236495277779531,16.073695932477758,24.068900420576366,0.08653846153846154,0.16346153846153846,0.06346153846153846,0.05961538461538462,0.475,0.0038461538461538464,1,2,7.6557976842126765
des_s051_liboqs.bin,DES,liboqs,4096,ANSI_X923,4112,7.9527269495903345,263.408560311284,128.40758754863813,5536.33144048358,-0.03095467190806137,-1.226124819589181,0.012899309885650505,11.947012947489668,12.00443606056418,2041,-0.4936521928050654,0.0767620064761095,0.07402110140898643,19.053452409036655,27.385704440482797,0.05009727626459144,0.0965466926070039,0.064931906614786,0.05763618677042802,0.502431906614786,0.0026750972762645915,0,2,7.947840904991046
des_s052_liboqs.bin,DES,liboqs,4096,Zero,4104,7.954051905898414,252.24171539961014,129.00268031189083,5456.2463378451685,-0.02710881346416429,-1.215842578885389,0.0042618844552735876,11.937080874304067,12.00211177647985,2048,-0.10847994409970864,0.09661741864462185,0.07348178099403807,17.83899566135301,26.166347008498235,0.04824561403508772,0.09332358674463938,0.056530214424951264,0.06262183235867447,0.48903508771929827,0.0029239766081871343,0,2,7.95581268849838
des_s053_liboqs.bin,DES,liboqs,4096,Zero,4104,7.951040003119784,275.1968810916179,127.98879142300196,5407.086131677743,0.02339353545119315,-1.181422261717817,0.012461603966502385,11.942074836038328,12.00211177647985,1980,-2.278364063335548,0.10729921291021986,0.0835254786964076,18.252129796729154,26.021037955433926,0.049707602339181284,0.09478557504873295,0.05555555555555555,0.06432748538011696,0.5004873294346979,0.0026803118908382065,0,2,7.957396008315388
des_s054_liboqs.bin,DES,liboqs,1024,ISO10126,1040,7.809513543458034,249.84615384615384,126.15865384615384,5713.275790495562,-0.021469667192832713,-1.2254405144465288,-0.010868441169150037,9.993304397516182,10.019590728357882,529,0.5023157411480729,0.09584565995674701,0.075,17.72009967021871,25.866994248599905,0.06923076923076923,0.12596153846153846,0.08846153846153847,0.058653846153846154,0.5028846153846154,0.004807692307692308,0,2,7.821502648220744
des_s055_liboqs.bin,DES,liboqs,512,Random,520,7.571767652691188,261.7846153846154,128.34230769230768,5275.952056213018,-0.02351648716217433,-1.1949572449582007,0.09135830861946652,9.015737163810675,9.016808287686555,242,-1.666766158994689,0.18331141867519488,0.08213137116947163,18.700015637039666,26.33309446125399,0.08846153846153847,0.1596153846153846,0.05576923076923077,0.04423076923076923,0.5230769230769231,0.0038461538461538464,1,2,7.547992133413577
des_s056_liboqs.bin,DES,liboqs,2048,PKCS7,2064,7.913918201762401,234.54263565891472,125.90746124031008,5696.2981226244665,0.028297147076521718,-1.240361996681358,-0.021165033833633953,10.982413709376548,11.009828617368107,1044,0.5016210346012421,0.08057215699995118,0.0876871062588465,18.817034724733624,27.54005803477137,0.0562015503875969,0.10610465116279069,0.07025193798449612,0.06298449612403101,0.5227713178294574,0.003391472868217054,0,2,7.9026827092184995
des_s057_liboqs.bin,DES,liboqs,256,PKCS7,272,7.205890392797537,268.2352941176471,130.9375,5816.970358455882,0.0004157855064413988,-1.289462389241466,0.01392789503487099,8.067388893752394,8.07681559705083,132,-0.6040186863691553,0.10604562574894086,0.08054743492723031,22.84002670429571,28.159101058564897,0.125,0.21691176470588236,0.04779411764705882,0.08088235294117647,0.5183823529411765,0.003676470588235294,9,2,7.244149963703431
des_s058_liboqs.bin,DES,liboqs,512,ISO10126,528,7.552924964704419,275.8787878787879,129.4905303030303,5555.53400123393,0.001177958747337667,-1.197786710287617,-0.08587978115418707,9.026478885982566,9.038918989292302,279,1.2200488974336172,0.0815934061687046,0.0896375724712063,16.168920111117124,21.60570507445275,0.08712121212121213,0.16287878787878787,0.058712121212121215,0.0625,0.4791666666666667,0.005681818181818182,2,2,7.524711335974705
des_s059_liboqs.bin,DES,liboqs,2048,Random,2056,7.911844406199992,251.7354085603113,130.82490272373542,5580.209613317385,-0.06377244349979337,-1.196711923285759,-0.009037465324706378,10.966599132339283,11.004220466318195,1036,0.3713119112742096,0.10995393761631228,0.07601254706453814,18.74663588042594,26.121828694198626,0.060797665369649805,0.10943579766536965,0.06906614785992218,0.06809338521400778,0.5029182879377432,0.005350194552529183,0,2,7.905483127682863
3des_s060_openssl.bin,3DES,openssl,256,Zero,264,7.26565178966549,220.84848484848484,130.32954545454547,5249.364884641874,-0.013464244919359701,-1.1508116956459107,-0.005017685261265497,8.03131442655466,8.03342300153745,134,0.18379836918398282,0.23780825924700338,0.04285495643554833,14.737516526957753,21.48563249199956,0.09848484848484848,0.1893939393939394,0.041666666666666664,0.06060606060606061,0.5416666666666666,0.003787878787878788,2,1,7.155106335257261
3des_s061_openssl.bin,3DES,openssl,2048,Random,2056,7.911874490037569,244.01556420233464,129.21157587548637,5371.459613080819,-0.03141890288042111,-1.1976055636163059,0.035679637846790846,10.96599323817975,11.004220466318195,983,-2.0214301977111666,0.11463642509563476,0.08926124316696078,18.341449049351965,26.916468454703278,0.057392996108949414,0.10700389105058365,0.05642023346303502,0.051070038910505836,0.5141050583657587,0.005350194552529183,0,2,7.896528220913042
3des_s062_openssl.bin,3DES,openssl,2048,Random,2056,7.904296552402932,267.67315175097275,130.33365758754863,5524.828361330224,-0.03714900587601011,-1.1926399159482926,-0.0426644844742506,10.964046766160287,11.004220466318195,1061,1.4976356329727105,0.12068525175922686,0.0929179294650549,17.606464369760886,26.64713129900499,0.06031128404669261,0.11186770428015565,0.05933852140077821,0.06566147859922179,0.5116731517509727,0.0029182879377431907,0,2,7.906840859859866
3des_s063_openssl.bin,3DES,openssl,1024,Random,1032,7.80699395626479,261.891472868217,125.1734496124031,5419.147240813352,-0.0298462925623667,-1.2069905176613516,-0.07318849524290402,9.98849011106355,10.008428622070578,541,1.4954052231391735,0.13356734887834876,0.07261625579533021,16.528873674295788,24.797900705084775,0.07364341085271318,0.13178294573643412,0.07461240310077519,0.05135658914728682,0.5339147286821705,0.0029069767441860465,0,2,7.779285349378889
3des_s064_openssl.bin,3DES,openssl,256,PKCS7,272,7.303185956939854,209.88235294117646,136.42279411764707,5311.545509839965,-0.17147463714312927,-1.0918636734805351,-0.03488905139462227,8.08214904135387,8.07681559705083,129,-0.8285642291525483,0.05302281287447043,0.058823529411764705,14.74662737818861,20.672828116635745,0.09558823529411764,0.18382352941176472,0.058823529411764705,0.07720588235294118,0.4963235294117647,0.003676470588235294,2,1,7.168171770102756
3des_s065_openssl.bin,3DES,openssl,4096,ANSI_X923,4112,7.953659634830364,258.6770428015564,127.69114785992218,5596.949843818605,0.020916129212220167,-1.2196961521967815,0.011584172164887047,11.94446120217328,12.00443606056418,2015,-1.3029094929802842,0.0837933841055013,0.07570693640703996,19.0994185157968,27.234646809068654,0.048638132295719845,0.09265564202334631,0.06444552529182879,0.06444552529182879,0.507295719844358,0.0026750972762645915,0,2,7.957600677553178
3des_s066_openssl.bin,3DES,openssl,1024,PKCS7,1040,7.797764731797098,272.9846153846154,126.71346153846154,5381.481357248521,0.06158820083043144,-1.1930199392026934,0.012829183362622253,10.013280227643385,10.019590728357882,509,-0.7351221758447053,0.07634397400492003,0.07749785261388417,19.777861592487636,26.941074616267443,0.07307692307692308,0.13173076923076923,0.052884615384615384,0.057692307692307696,0.49423076923076925,0.0019230769230769232,0,2,7.80532115884769
3des_s067_openssl.bin,3DES,openssl,1024,Zero,1032,7.785139680912646,278.7596899224806,128.14147286821705,5382.390838140736,0.02631274422664567,-1.1539588807255594,-0.03382398914828924,9.99236983948256,10.008428622070578,533,1.0026995317469676,0.1396582896566562,0.09881820762776715,18.80250842905946,25.348235397225185,0.0687984496124031,0.12790697674418605,0.06201550387596899,0.06589147286821706,0.5038759689922481,0.0029069767441860465,0,2,7.789158363589669
3des_s068_openssl.bin,3DES,openssl,512,Zero,520,7.576887070359176,269.66153846153844,133.3653846153846,5271.497263313609,-0.16374482226772605,-1.167231893358998,-0.06866405007739304,9.015737163810675,9.016808287686555,268,0.930839606951841,0.17689917112017242,0.05245454498840714,17.812729264872253,22.743387750960334,0.09230769230769231,0.16923076923076924,0.04807692307692308,0.05576923076923077,0.5076923076923077,0.0019230769230769232,3,2,7.5562642683232335
3des_s069_openssl.bin,3DES,openssl,256,ANSI_X923,272,7.218555258378626,247.52941176470588,126.04779411764706,5604.2219804282,-0.011295852173428426,-1.2460317523772935,-0.06956652613466402,8.08214904135387,8.07681559705083,140,0.36538967801874345,0.12082115239084547,0.11295802570395012,23.70307408833344,25.835203388103437,0.10661764705882353,0.1948529411764706,0.04779411764705882,0.0661764705882353,0.5698529411764706,0.007352941176470588,5,2,7.140924249861966
3des_s070_liboqs.bin,3DES,liboqs,4096,ISO10126,4112,7.9538791747257305,261.41634241245134,127.97689688715953,5507.647569359017,-0.0015073854303983125,-1.220866777689626,-0.0016140095221382782,11.936612828904856,12.004922678569045,2069,0.37506300590032565,0.07788971687853,0.08438374641826293,17.50269568387689,24.58609421494551,0.05082684824902724,0.0965466926070039,0.0610408560311284,0.05982490272373541,0.5026750972762646,0.0029182879377431907,0,2,7.955049555667039
3des_s071_liboqs.bin,3DES,liboqs,4096,PKCS7,4112,7.951825049712668,275.98443579766536,126.04255836575875,5461.766428085115,0.001110522899472496,-1.1942848402989688,0.01786207838692847,11.93241795843591,12.004922678569045,2023,-1.060500180092363,0.07752508002288658,0.07916070827953549,17.76769949588215,26.263511796200476,0.05155642023346303,0.09703307392996109,0.06930933852140078,0.05179961089494164,0.491488326848249,0.004377431906614786,0,2,7.951029771723218
3des_s072_liboqs.bin,3DES,liboqs,1024,Random,1032,7.804961917505156,271.3178294573643,131.93023255813952,5759.572651883901,-0.08727380060049611,-1.233503240705779,-0.005015415585083668,9.994309703692066,10.008428622070578,512,-0.19614167516872322,0.13979164953265671,0.06368866947734489,19.72876695493487,27.938817026587603,0.07461240310077519,0.13468992248062014,0.07170542635658915,0.07073643410852713,0.5116279069767442,0.0029069767441860465,0,2,7.7851295881464795
3des_s073_liboqs.bin,3DES,liboqs,4096,ISO10126,4112,7.951787251106876,272.8715953307393,127.05107003891051,5394.816457998986,0.02540736942757814,-1.1987131711627153,0.011980861978791673,11.939412579574846,12.004922678569045,2026,-0.9560858339109187,0.07633178991119445,0.07792581707261087,18.275754376445548,24.912261043794494,0.04961089494163424,0.09508754863813229,0.05763618677042802,0.06031128404669261,0.49319066147859925,0.004377431906614786,0,2,7.952711340740316
3des_s074_liboqs.bin,3DES,liboqs,512,ANSI_X923,528,7.572897194711966,263.27272727272725,124.26704545454545,5505.585883694904,0.01527354138364334,-1.193614996834722,0.024707120086264286,9.030273952396227,9.038918989292302,249,-1.368807774745442,0.0970170339004977,0.09247390617980078,20.709984878242302,29.239863938886593,0.08333333333333333,0.1590909090909091,0.08333333333333333,0.056818181818181816,0.4943181818181818,0.00946969696969697,1,2,7.56626756847924
3des_s075_liboqs.bin,3DES,liboqs,512,Random,520,7.587432798005697,251.93846153846155,128.85384615384615,5382.4363313609465,0.00913603365509855,-1.2220178078650197,0.023051432879859703,9.011883599263468,9.016808287686555,245,-1.4043298663068327,0.17689917112017242,0.09316300314860053,19.816943768668732,30.119789441102196,0.08461538461538462,0.15576923076923077,0.046153846153846156,0.05384615384615385,0.5192307692307693,0.0057692307692307696,1,3,7.561254808719733
3des_s076_liboqs.bin,3DES,liboqs,4096,PKCS7,4112,7.949304027159396,291.7976653696498,127.49732490272373,5509.054467552025,0.007573498628107142,-1.2038015637679154,-0.01923796260031097,11.936429202657674,12.004922678569045,2094,1.154895476402202,0.07934417397370594,0.08752701851519061,18.26283317698201,26.03238543307302,0.05398832684824903,0.09970817120622569,0.06639105058365759,0.05958171206225681,0.5051070038910506,0.0026750972762645915,0,2,7.946960741799345
3des_s077_liboqs.bin,3DES,liboqs,4096,ANSI_X923,4112,7.963780629737367,203.26848249027236,127.12305447470817,5481.16190039781,-0.0030315744561441255,-1.1992184164044477,-0.018959493761270815,11.944883322701985,12.00443606056418,2100,1.341853907682463,0.08647537467199984,0.09051107753736518,18.487588080756375,26.616543999979957,0.047665369649805445,0.0909533073929961,0.06833657587548637,0.05860894941634241,0.4990272373540856,0.004377431906614786,0,2,7.959096556624535
3des_s078_liboqs.bin,3DES,liboqs,2048,PKCS7,2064,7.91039850941387,249.92248062015503,125.41424418604652,5470.351173072157,0.022179634258088273,-1.1914440007182503,0.021093963184386708,10.983986715919368,11.009828617368107,1011,-0.9551971592733127,0.08542533659121779,0.08911041536113376,20.65132814207015,26.597323354111477,0.05862403100775194,0.10901162790697674,0.06831395348837209,0.05765503875968992,0.5150193798449613,0.0048449612403100775,0,2,7.915810895854075
3des_s079_liboqs.bin,3DES,liboqs,256,ANSI_X923,272,7.110525559903427,288.94117647058823,125.5404411764706,5732.1895409818335,0.025881397397067248,-1.251263797049867,-0.07430653373262279,8.08214904135387,8.07681559705083,148,1.3402781502274161,0.08700117328087671,0.08054743492723031,13.908163552687482,25.789299689635506,0.11397058823529412,0.20220588235294118,0.07352941176470588,0.07720588235294118,0.5404411764705882,0.0,6,2,7.294609639130395
chacha20_s080_openssl.bin,ChaCha20,openssl,1024,ISO10126,1040,7.833838308721407,225.23076923076923,130.11923076923077,5104.141553254438,-0.034333041038346494,-1.1243464829221577,-0.038959460374864585,10.007505444197763,10.019590728357882,528,0.45805000772001225,0.06549763986894769,0.06957712505817516,16.86687383785538,24.675708535237163,0.06826923076923076,0.12692307692307692,0.052884615384615384,0.05673076923076923,0.47115384615384615,0.0038461538461538464,0,2,7.825686568716208
chacha20_s081_openssl.bin,ChaCha20,openssl,256,ISO10126,272,7.2259081995550964,245.64705882352942,130.75367647058823,5587.237118836505,-0.07349874171642275,-1.2190076571266937,0.08274207967260482,8.08214904135387,8.07681559705083,127,-1.1141451299447171,0.07352941176470588,0.058823529411764705,17.42401400530582,29.80747792350159,0.10661764705882353,0.1948529411764706,0.0625,0.06985294117647059,0.5330882352941176,0.014705882352941176,5,2,7.20446403196113
chacha20_s082_openssl.bin,ChaCha20,openssl,4096,PKCS7,4112,7.957331056221013,240.8715953307393,125.95598249027238,5455.475445727319,0.030672373473131082,-1.2043736246208807,-0.033665930890567866,11.952731695970408,12.00443606056418,2116,1.8595075834834571,0.08844602572209898,0.08493178926207133,19.711072496733486,26.842888280202427,0.04839494163424125,0.09192607003891051,0.06395914396887159,0.05666342412451362,0.5041342412451362,0.005350194552529183,0,2,7.955877774277113
chacha20_s083_openssl.bin,ChaCha20,openssl,256,Zero,272,7.1946941370710045,262.5882352941176,135.09191176470588,5231.421699286332,-0.14701207160306506,-1.1266563333599553,-0.11567495644000741,8.074768967553133,8.07681559705083,144,1.0365619004902062,0.07498558108224684,0.07090919677200702,19.31679013893422,24.694089939959373,0.11764705882352941,0.20588235294117646,0.04044117647058824,0.0625,0.4742647058823529,0.0,6,1,7.239795052516841
chacha20_s084_openssl.bin,ChaCha20,openssl,256,Random,272,7.287969172059642,232.47058823529412,129.29779411764707,5725.598818663495,-0.08451876893558792,-1.2680620953402264,-0.013079881126254288,8.074768967553133,8.07681559705083,154,2.0693894639511305,0.07498558108224684,0.04223943122454433,22.370055005361664,28.10317804906791,0.10661764705882353,0.1948529411764706,0.07352941176470588,0.058823529411764705,0.5257352941176471,0.0,4,1,7.221272727761661
chacha20_s085_openssl.bin,ChaCha20,openssl,512,ISO10126,528,7.597175797563009,257.45454545454544,133.74810606060606,5224.487685806933,-0.09576867865157508,-1.115414056896067,-0.05623122826869821,9.030273952396227,9.038918989292302,263,-0.0424850336012164,0.0904374249165868,0.11235685249875253,17.383762266603323,25.101578601891415,0.08901515151515152,0.1590909090909091,0.054924242424242424,0.06628787878787878,0.4943181818181818,0.003787878787878788,1,2,7.595539080897446
chacha20_s086_openssl.bin,ChaCha20,openssl,2048,Random,2064,7.905484158299486,259.3488372093023,129.98643410852713,5409.914544648759,-0.008478806470343695,-1.1737797959841108,-0.007937208926965677,10.977566399633455,11.009828617368107,1027,-0.2546528715207341,0.07747091508258404,0.0859731512124761,17.115797337137653,26.40126562544878,0.05813953488372093,0.10755813953488372,0.05281007751937984,0.06831395348837209,0.5077519379844961,0.003391472868217054,0,2,7.89532447250817
chacha20_s087_openssl.bin,ChaCha20,openssl,512,ANSI_X923,528,7.627840179503383,240.96969696969697,128.4943181818182,5162.62875559573,-0.029911421735509,-1.0984613457739512,-0.018992488766583767,9.037864085223552,9.038918989292302,277,1.0509801256100548,0.05892556509887896,0.06615245907792795,18.930197009419288,26.64678856490971,0.08901515151515152,0.1590909090909091,0.06628787878787878,0.05303030303030303,0.5359848484848485,0.0,3,2,7.559651463321702
chacha20_s088_openssl.bin,ChaCha20,openssl,4096,Random,4112,7.947975854156556,299.14396887159535,125.99027237354086,5576.551461793517,0.026067652536355627,-1.2195579603454128,-0.006471624237082214,11.934850456611535,12.004922678569045,2073,0.5223510894019,0.07966039802788268,0.07729638336699973,18.58267336108771,26.047087761584113,0.05179961089494164,0.09922178988326848,0.0651750972762646,0.06031128404669261,0.5077821011673151,0.004377431906614786,0,2,7.954100183121661
chacha20_s089_openssl.bin,ChaCha20,openssl,2048,ISO10126,2064,7.908089433167415,246.2015503875969,126.18653100775194,5652.159489128883,0.015874726091222667,-1.2543063647861312,-0.045833549924624795,10.973322634484564,11.009828617368107,1066,1.4552539293386255,0.07471929321184884,0.08013981832610594,19.30377001654733,26.10462987390723,0.05329457364341085,0.10368217054263566,0.06734496124031007,0.059593023255813955,0.4956395348837209,0.003875968992248062,0,2,7.903503641347835
chacha20_s090_liboqs.bin,ChaCha20,liboqs,4096,ISO10126,4112,7.955419000445625,257.6809338521401,128.23103112840468,5446.566274423156,0.009719746433997116,-1.1877708022473108,-0.007609901091233844,11.933813078234866,12.00443606056418,2072,0.4718065827553324,0.08470986474910494,0.08560449459443724,18.409765019176312,26.72527640524554,0.05179961089494164,0.0963035019455253,0.0632295719844358,0.061284046692607,0.4990272373540856,0.004134241245136187,0,2,7.95349613588923
chacha20_s091_liboqs.bin,ChaCha20,liboqs,1024,Zero,1040,7.8234849908533475,236.55384615384617,126.27307692307693,5506.1658136094675,-0.01652905232745935,-1.1910646113146126,-0.004985416980456679,10.00365558856735,10.019590728357882,509,-0.7435176798028775,0.11507741561148778,0.09709158124126413,19.357416243121587,27.37138975410284,0.06826923076923076,0.12884615384615383,0.07019230769230769,0.05,0.49038461538461536,0.0057692307692307696,0,2,7.796246737788441
chacha20_s092_liboqs.bin,ChaCha20,liboqs,1024,Zero,1040,7.80183509521348,252.30769230769232,127.42596153846154,5409.144518306213,0.003397780594365494,-1.175696934460352,0.028323172577907348,10.007505444197763,10.019590728357882,510,-0.6825195695350286,0.08126193318063901,0.08213137116947163,19.42650688488594,27.07555621345112,0.0673076923076923,0.12692307692307692,0.06057692307692308,0.06346153846153846,0.510576923076923,0.004807692307692308,0,2,7.803113841140966
chacha20_s093_liboqs.bin,ChaCha20,liboqs,4096,Zero,4112,7.951794355336283,275.2373540856031,128.30593385214007,5521.828583466442,-0.016897018716116582,-1.1979864830890212,-0.007371868246695141,11.937705075315868,12.00443606056418,2026,-0.9651729148271297,0.08733773841580371,0.08270067324429875,18.47533756934016,27.11707053500237,0.05082684824902724,0.09703307392996109,0.06979571984435798,0.06006809338521401,0.5126459143968871,0.004377431906614786,0,2,7.952120091809256
chacha20_s094_liboqs.bin,ChaCha20,liboqs,256,ISO10126,272,7.265081074672941,228.7058823529412,123.5404411764706,5146.101305687716,0.06313564063794838,-1.1491676128952941,-0.06522316563623119,8.08214904135387,8.07681559705083,140,0.3974125938869194,0.08637750091522596,0.08854113660876688,14.85320234918893,26.569444950025247,0.10294117647058823,0.19117647058823528,0.051470588235294115,0.04411764705882353,0.46691176470588236,0.003676470588235294,3,2,7.20167846922252
chacha20_s095_liboqs.bin,ChaCha20,liboqs,512,PKCS7,528,7.63992973323494,229.33333333333334,130.17045454545453,5519.53155130854,-0.068525244405372,-1.1993345082020843,-0.027138934685807765,9.037864085223552,9.038918989292302,271,0.5714328742735602,0.08544109887349692,0.0857935731280767,16.99098240616833,24.918481074010366,0.08522727272727272,0.1534090909090909,0.0625,0.054924242424242424,0.48484848484848486,0.00946969696969697,1,2,7.58617311875566
chacha20_s096_liboqs.bin,ChaCha20,liboqs,1024,PKCS7,1040,7.803944754015085,261.66153846153844,127.25096153846154,5402.264902921597,0.0005558186468566737,-1.1684224124068856,0.01465419891150571,10.001730660752143,10.019590728357882,503,-1.1029063004436437,0.0983340251934001,0.0834712862085027,19.456088046064476,26.199271019630665,0.06923076923076923,0.12884615384615383,0.05673076923076923,0.06153846153846154,0.4855769230769231,0.0038461538461538464,1,2,7.80883024356528
chacha20_s097_liboqs.bin,ChaCha20,liboqs,4096,Random,4112,7.9599019735574865,222.1945525291829,127.02115758754864,5501.870904496566,0.01939019846014335,-1.2174886061069612,-0.00011916006335197967,11.939531826715607,12.004922678569045,2087,0.9373274600477146,0.08769358117062719,0.0734178066974391,19.758069645002305,26.449003792712443,0.04839494163424125,0.09216926070038911,0.061284046692607,0.05909533073929961,0.4910019455252918,0.0038910505836575876,0,2,7.954033121005188
chacha20_s098_liboqs.bin,ChaCha20,liboqs,512,Random,528,7.613567884744929,249.6969696969697,129.93939393939394,5329.86753902663,-0.01950514698055239,-1.1415375061567348,-0.0359466333644931,9.03406901880989,9.038918989292302,265,0.016181681302410184,0.08106414605694204,0.07186994682200862,18.931598395658742,25.018489776429284,0.08712121212121213,0.1571969696969697,0.06628787878787878,0.07007575757575757,0.5,0.001893939393939394,1,2,7.6446109394048625
chacha20_s099_liboqs.bin,ChaCha20,liboqs,512,PKCS7,528,7.628456207685426,228.36363636363637,128.64962121212122,5158.685946826216,-0.01648387698624888,-1.1016845405618791,-0.07783350309885707,9.037864085223552,9.038918989292302,268,0.26136457566070564,0.07556794448204547,0.07186994682200862,16.7675093595224,23.91681072141084,0.07954545454545454,0.14772727272727273,0.04924242424242424,0.054924242424242424,0.48295454545454547,0.001893939393939394,0,2,7.573240190947376
rsa_2048_s100_openssl.bin,RSA-2048,openssl,256,PKCS7,256,7.10661175579021,286.0,132.70703125,5471.136825561523,0.00911504510216624,-1.1723724740875578,0.06906701821933336,7.986510299603956,7.9886846867721655,127,-0.23506637567645616,0.06051536478449089,0.07287014885225637,15.507506982979193,24.824611523249935,0.125,0.21875,0.05859375,0.0859375,0.48828125,0.00390625,7,1,7.161737629046533
rsa_2048_s101_openssl.bin,RSA-2048,openssl,512,PKCS7,256,7.263404589725435,222.0,122.23828125,5662.603378295898,0.055306659916627324,-1.1340283395489916,-0.03380011081787974,7.994353436858858,7.9886846867721655,132,0.4572641295740593,0.05793905068043487,0.07287014885225637,13.860250795855876,22.519530572419765,0.109375,0.203125,0.10546875,0.046875,0.51171875,0.0078125,4,1,7.227495103440683
rsa_2048_s102_openssl.bin,RSA-2048,openssl,256,ANSI_X923,256,7.16911175579021,254.0,126.68359375,5528.817855834961,-0.035832730862464454,-1.2546780933289432,-0.10830088995120496,7.986510299603956,7.9886846867721655,148,2.384168900340161,0.07493486755176124,0.07287014885225637,18.19480722986193,23.639194321691907,0.109375,0.203125,0.06640625,0.046875,0.51171875,0.01171875,3,1,7.11971493302749
rsa_2048_s103_openssl.bin,RSA-2048,openssl,256,Random,256,7.167196814400862,268.0,122.96875,5380.6083984375,0.11735687320913475,-1.1873601456048175,0.08422879252262765,7.994353436858858,7.9886846867721655,117,-1.459385991787701,0.07493486755176124,0.08267972847076846,24.747129331626528,32.685229366642055,0.125,0.21875,0.0625,0.046875,0.515625,0.0078125,5,2,7.119068670139724
rsa_2048_s104_openssl.bin,RSA-2048,openssl,512,ANSI_X923,256,7.089071814400862,288.0,127.07421875,5173.756210327148,0.14132112755567747,-1.1547146934647206,-0.0856323040093219,7.986510299603956,7.9886846867721655,134,0.7285415759318701,0.09512476927893207,0.11088921566264229,14.731105793703113,23.955501948579546,0.125,0.21875,0.05078125,0.06640625,0.44921875,0.00390625,7,1,7.1667737565569025
rsa_2048_s105_openssl.bin,RSA-2048,openssl,2048,ISO10126,256,7.175399413893479,248.0,126.3984375,4891.599060058594,0.025864598483482635,-1.035076808242936,-0.05527544502761587,7.986510299603956,7.9886846867721655,142,1.637905293935966,0.112332905918429,0.06051536478449089,14.634893738804315,22.369967955019376,0.10546875,0.19921875,0.05859375,0.0390625,0.5234375,0.0,3,1,7.206534405527167
rsa_2048_s106_openssl.bin,RSA-2048,openssl,4096,ISO10126,256,7.157859472504131,258.0,129.6484375,5102.798278808594,-0.037715462494244734,-1.0921267011584685,-0.02371832856768628,7.994353436858858,7.9886846867721655,122,-0.8683933028817704,0.07493486755176124,0.07287014885225637,16.361469765002585,21.242816743162706,0.11328125,0.20703125,0.05078125,0.0546875,0.515625,0.0,5,2,7.286241966151844
rsa_2048_s107_openssl.bin,RSA-2048,openssl,4096,Random,256,7.191905517366848,242.0,128.609375,5005.394287109375,-0.046174442227931024,-1.0713346353227422,-0.050087417895585795,7.986510299603956,7.9886846867721655,132,0.4008135390858885,0.06051536478449089,0.09077304717673633,11.799482327760188,18.84822578478874,0.09765625,0.19140625,0.05859375,0.05078125,0.515625,0.00390625,1,1,7.0964238171561265
rsa_2048_s108_openssl.bin,RSA-2048,openssl,2048,ISO10126,256,7.210241931622167,244.0,119.09765625,4992.580307006836,0.1307864094811971,-1.075566094176401,0.12423401079524922,7.994353436858858,7.9886846867721655,109,-2.4043466046514954,0.07287014885225637,0.09077304717673633,17.27294059877214,27.735263795177538,0.1171875,0.2109375,0.06640625,0.04296875,0.54296875,0.00390625,5,2,7.128341328871489
rsa_2048_s109_openssl.bin,RSA-2048,openssl,2048,Zero,256,7.167033361354118,278.0,130.94921875,5637.563827514648,-0.11626447742561123,-1.220023132767758,0.04179022796421479,7.986510299603956,7.9886846867721655,124,-0.5923103061312583,0.08423536508124162,0.08267972847076846,14.53899690591732,23.391410085668166,0.12890625,0.22265625,0.078125,0.0625,0.50390625,0.00390625,6,2,7.213186317198547
rsa_2048_s110_liboqs.bin,RSA-2048,liboqs,512,PKCS7,256,7.172213269538145,258.0,128.34765625,5652.945541381836,-0.043143976750838815,-1.2631518989672315,0.11245178606062531,7.978667162349054,7.9886846867721655,110,-2.3663348484763254,0.07493486755176124,0.06051536478449089,17.90693127998795,26.610961938420903,0.125,0.21875,0.05859375,0.05078125,0.51171875,0.0,7,2,7.217184552526602
rsa_2048_s111_liboqs.bin,RSA-2048,liboqs,256,Zero,256,7.190143310420109,242.0,125.0703125,5499.245056152344,0.07810731708217977,-1.1920001720203317,-0.023205788711831682,7.986510299603956,7.9886846867721655,129,0.0039148914619707076,0.07614683081882002,0.06051536478449089,15.329659947992772,23.141103715085496,0.109375,0.203125,0.05859375,0.078125,0.453125,0.0,4,1,7.1809292093978305
rsa_2048_s112_liboqs.bin,RSA-2048,liboqs,1024,Zero,256,7.14479315231684,262.0,129.59375,5574.0615234375,-0.051344149695863574,-1.2571079551833084,0.0320469796012116,7.986510299603956,7.9886846867721655,127,-0.2418186536773363,0.062009796353076345,0.07287014885225637,12.724814279096572,29.7303145217554,0.1171875,0.2109375,0.05859375,0.0625,0.4921875,0.0,5,1,7.024559393786351
rsa_2048_s113_liboqs.bin,RSA-2048,liboqs,2048,Zero,256,7.137370751809457,266.0,127.46484375,5898.358139038086,-0.028172166527007197,-1.249818217892492,0.009182033205077348,7.994353436858858,7.9886846867721655,130,0.13412613584532418,0.05412658773652741,0.06051536478449089,16.17698392655321,29.18731989998972,0.1171875,0.2109375,0.08203125,0.078125,0.49609375,0.0078125,6,1,7.096577150557333
rsa_2048_s114_liboqs.bin,RSA-2048,liboqs,256,PKCS7,256,7.139285693198805,268.0,123.08203125,5784.739364624023,0.04723331688774666,-1.234304445856324,0.04338008574053247,7.994353436858858,7.9886846867721655,130,0.1608259771614675,0.06051536478449089,0.06051536478449089,22.332030566730793,30.9211069159122,0.1171875,0.2109375,0.078125,0.05859375,0.52734375,0.01171875,6,1,7.193655140761896
rsa_2048_s115_liboqs.bin,RSA-2048,liboqs,256,Zero,256,7.12391433212955,272.0,125.7265625,4981.245544433594,0.029509822273667705,-1.046239339242696,-0.09260841143073188,7.994353436858858,7.9886846867721655,134,0.750187685994173,0.08804240366863003,0.08699631816921909,22.400734535162986,26.64561330681082,0.125,0.21875,0.0703125,0.0390625,0.5390625,0.0,6,2,7.1690878368148745
rsa_2048_s116_liboqs.bin,RSA-2048,liboqs,1024,PKCS7,256,7.111475476484884,286.0,123.8828125,5730.947204589844,0.0733377524620801,-1.2122603750927767,-0.04688055452595721,7.978667162349054,7.9886846867721655,136,1.052988651358959,0.08838834764831845,0.07287014885225637,24.094113516631893,31.526184824520772,0.125,0.21875,0.078125,0.0625,0.4921875,0.01171875,5,1,7.212301758417438
rsa_2048_s117_liboqs.bin,RSA-2048,liboqs,512,ISO10126,256,7.113644056804977,296.0,129.92578125,5347.685897827148,-0.11385145532186443,-1.179460327916308,0.10399035834417726,7.986510299603956,7.9886846867721655,121,-0.8453570863022628,0.07493486755176124,0.08267972847076846,11.612922547437119,22.429552461170474,0.140625,0.234375,0.0625,0.0625,0.51171875,0.0,7,1,7.142989711198978
rsa_2048_s118_liboqs.bin,RSA-2048,liboqs,512,Random,256,7.19422683212955,246.0,123.94921875,5415.431015014648,0.029449890906693,-1.1679470211296936,0.07756144803619335,7.994353436858858,7.9886846867721655,129,0.048090056218962576,0.06051536478449089,0.08267972847076846,23.353591662317672,29.130110525595306,0.1171875,0.2109375,0.078125,0.0546875,0.45703125,0.00390625,4,2,7.109303081921398
rsa_2048_s119_liboqs.bin,RSA-2048,liboqs,2048,ISO10126,256,7.252643310420109,222.0,127.00390625,6131.292953491211,0.09797837594985499,-1.3000585091297705,0.06878519350491438,7.994353436858858,7.9886846867721655,125,-0.5009832851188789,0.04133986423538423,0.04349815908460954,19.122248432959864,23.943852868950746,0.10546875,0.19921875,0.0625,0.09765625,0.48046875,0.00390625,3,2,7.19004853472839
ml_kem_768_s120_openssl.bin,ML-KEM-768,openssl,2048,ISO10126,1088,7.814938785867921,268.70588235294116,127.93382352941177,5380.519517733564,0.008676668186311194,-1.246002842110042,-0.018949379142519505,10.071416813803758,10.084808387804364,576,1.8806341673725162,0.07798971851322216,0.07090919677200702,20.924380992981522,27.24307175980775,0.06985294117647059,0.1323529411764706,0.05238970588235294,0.04779411764705882,0.5202205882352942,0.0027573529411764708,0,2,7.841025480064398
ml_kem_768_s121_openssl.bin,ML-KEM-768,openssl,1024,Zero,1088,7.808612691736558,263.05882352941177,127.07628676470588,5349.81311415306,0.0006927661076163615,-1.219614662676731,-0.00043472034667774433,10.071416813803758,10.084808387804364,543,-0.10787498606136528,0.07033502378569483,0.06816358903580573,18.15359004506777,25.88214847259539,0.06341911764705882,0.1213235294117647,0.05514705882352941,0.04136029411764706,0.4990808823529412,0.0027573529411764708,0,2,7.807425641859916
ml_kem_768_s122_openssl.bin,ML-KEM-768,openssl,512,PKCS7,1088,7.846685274541647,221.1764705882353,129.2545955882353,5375.564776674687,-0.04299956936637323,-1.2400994028857288,-0.06439722167663073,10.078776519415534,10.084808387804364,591,2.8296738681317217,0.09560525842882288,0.07090919677200702,17.112262854511446,23.968487124144374,0.06433823529411764,0.11948529411764706,0.05238970588235294,0.04871323529411765,0.4898897058823529,0.003676470588235294,0,2,7.806242707352755
ml_kem_768_s123_openssl.bin,ML-KEM-768,openssl,2048,Random,1088,7.827245662148124,261.1764705882353,125.67922794117646,5219.092877345101,0.017957810612233175,-1.1452833510788638,-0.01893728159302356,10.073256740206702,10.084808387804364,548,0.1820975745816391,0.08971409280505566,0.062147579060209436,17.15626139910343,25.33072012282102,0.07261029411764706,0.1332720588235294,0.05514705882352941,0.05330882352941176,0.5064338235294118,0.003676470588235294,0,2,7.8166481381896284
ml_kem_768_s124_openssl.bin,ML-KEM-768,openssl,256,PKCS7,1088,7.810157775945682,272.0,128.671875,5614.330753102022,0.015530465214090496,-1.2216381731591184,-0.0010913086092813416,10.078776519415534,10.084808387804364,539,-0.3635297713793274,0.07079170191121414,0.07597050852857289,14.478640037943673,23.42626170512534,0.06893382352941177,0.12959558823529413,0.06433823529411764,0.0661764705882353,0.47150735294117646,0.0027573529411764708,0,2,7.78517927674372
ml_kem_768_s125_openssl.bin,ML-KEM-768,openssl,4096,PKCS7,1088,7.822932024310327,253.1764705882353,126.390625,5247.824434168198,0.06088954093658883,-1.1433682417207331,-0.017634236018415708,10.060377255386095,10.084808387804364,563,1.1085101160014352,0.06698848219959043,0.058823529411764705,17.91721469999449,25.18767988869859,0.07261029411764706,0.1332720588235294,0.05422794117647059,0.058823529411764705,0.49724264705882354,0.004595588235294118,0,2,7.81039155219979
ml_kem_768_s126_openssl.bin,ML-KEM-768,openssl,256,ISO10126,1088,7.770535126444774,317.6470588235294,124.59650735294117,5752.650612801416,0.022954136853812222,-1.2644794331706062,-0.02288700930106033,10.071416813803758,10.084808387804364,566,1.330046589761082,0.08161817956533714,0.06816358903580573,19.001766902845983,26.03695481991056,0.07352941176470588,0.13419117647058823,0.08363970588235294,0.050551470588235295,0.5193014705882353,0.006433823529411764,0,2,7.838547952108233
ml_kem_768_s127_openssl.bin,ML-KEM-768,openssl,512,Zero,1088,7.793411089665517,298.3529411764706,132.5808823529412,5343.782060986159,-0.06672293764519445,-1.1884941181506379,0.016325475211894203,10.06221718178904,10.084808387804364,528,-0.9922069789363567,0.08437880454065075,0.10155314203627304,20.43218714342888,29.683186719990264,0.07628676470588236,0.13511029411764705,0.04871323529411765,0.07169117647058823,0.48713235294117646,0.004595588235294118,1,2,7.81978669167313
ml_kem_768_s128_openssl.bin,ML-KEM-768,openssl,2048,Zero,1088,7.823856003985701,248.0,127.19117647058823,5711.976319204152,0.009687680666190943,-1.2186866412976376,-0.05035323951032664,10.06773696099787,10.084808387804364,565,1.2150862460682545,0.07612602662076712,0.071949947760224,13.861910402717793,23.10056310775408,0.06893382352941177,0.12591911764705882,0.0661764705882353,0.07077205882352941,0.5018382352941176,0.0027573529411764708,0,2,7.82931345404746
ml_kem_768_s129_openssl.bin,ML-KEM-768,openssl,512,Zero,1088,7.820524349623524,258.8235294117647,121.19761029411765,5598.17326634813,0.12254499891335686,-1.2065991634227735,-0.06476615153073906,10.078776519415534,10.084808387804364,556,1.0410177837536538,0.06885412058944133,0.08397738073897368,20.117547516893126,26.36641968717384,0.07169117647058823,0.13143382352941177,0.08088235294117647,0.05514705882352941,0.4954044117647059,0.004595588235294118,0,2,7.798273590898954
ml_kem_768_s130_liboqs.bin,ML-KEM-768,liboqs,256,ISO10126,1088,7.810163672912342,275.29411764705884,126.90441176470588,5501.78865700692,0.04082568173497446,-1.2144069273632465,-0.051734168355892986,10.069576887400814,10.084808387804364,571,1.6035173976062271,0.09211632771579911,0.08509659558163755,18.52921316857859,26.723079651324586,0.07169117647058823,0.1323529411764706,0.06158088235294118,0.0661764705882353,0.49264705882352944,0.003676470588235294,0,2,7.79675939887264
ml_kem_768_s131_liboqs.bin,ML-KEM-768,liboqs,2048,PKCS7,1088,7.835718011693688,233.88235294117646,125.33272058823529,5525.573120539577,0.019684673854420208,-1.2301967399997746,-0.04113251870827608,10.075096666609646,10.084808387804364,559,0.8686072225686694,0.08803790431206247,0.07090919677200702,16.501390598349037,24.72270953724744,0.0661764705882353,0.1213235294117647,0.06341911764705882,0.05238970588235294,0.48161764705882354,0.0027573529411764708,0,2,7.825182967947242
ml_kem_768_s132_liboqs.bin,ML-KEM-768,liboqs,2048,ANSI_X923,1088,7.834503851491661,225.41176470588235,127.28584558823529,5445.48906435851,-0.028487353100145472,-1.176875267266512,-2.3612700125535672e-05,10.065897034594926,10.084808387804364,550,0.3037592322813759,0.07033502378569483,0.06525087996065754,19.64046469463006,27.482351071636618,0.06525735294117647,0.12224264705882353,0.07169117647058823,0.05514705882352941,0.5045955882352942,0.003676470588235294,0,2,7.815040743508991
ml_kem_768_s133_liboqs.bin,ML-KEM-768,liboqs,2048,ANSI_X923,1088,7.81803660104455,256.4705882352941,129.31158088235293,5098.541704118458,-0.01359608537080436,-1.1147214883367926,-0.05850137790542217,10.064057108191983,10.084808387804364,578,2.006098575280934,0.08950903547014596,0.08806279093384915,14.347169721814344,23.74525395847098,0.06709558823529412,0.12683823529411764,0.057904411764705885,0.057904411764705885,0.484375,0.003676470588235294,0,2,7.847642539873215
ml_kem_768_s134_liboqs.bin,ML-KEM-768,liboqs,2048,Random,1088,7.840683267932356,221.64705882352942,130.81893382352942,5454.7935018044445,-0.06796166992125655,-1.2037665495369307,0.02329698942192558,10.06221718178904,10.084808387804364,552,0.4898171117312322,0.06584373047269233,0.08267972847076846,20.54228103615601,25.862186102550837,0.06709558823529412,0.12224264705882353,0.05698529411764706,0.06066176470588235,0.4806985294117647,0.0055147058823529415,1,2,7.816951606473253
ml_kem_768_s135_liboqs.bin,ML-KEM-768,liboqs,2048,ISO10126,1088,7.808100231487185,266.3529411764706,128.91360294117646,5339.200256136462,-0.017193268137759215,-1.175218266357966,0.02600801883816721,10.069576887400814,10.084808387804364,526,-1.095545492483585,0.07523302180029826,0.07597050852857289,18.566049340712095,25.086841426415344,0.06801470588235294,0.125,0.05514705882352941,0.06158088235294118,0.4944852941176471,0.001838235294117647,1,2,7.831940673419335
ml_kem_768_s136_liboqs.bin,ML-KEM-768,liboqs,512,ANSI_X923,1088,7.841363018088527,229.1764705882353,126.7876838235294,5409.5017968412085,-0.00793572206675445,-1.1677570868508866,-0.004734494153294227,10.07693659301259,10.084808387804364,544,-0.05966003582877552,0.0893134645989636,0.0735064302321037,17.100364484399073,24.254175087134698,0.06433823529411764,0.12224264705882353,0.06893382352941177,0.058823529411764705,0.5064338235294118,0.0055147058823529415,0,2,7.835211562104279
ml_kem_768_s137_liboqs.bin,ML-KEM-768,liboqs,512,PKCS7,1088,7.815622284244202,254.58823529411765,127.2123161764706,5306.7462821353265,-0.029702286710719623,-1.1439871865433755,0.044890133082705765,10.073256740206702,10.084808387804364,516,-1.7587704153971617,0.06767495469518957,0.06816358903580573,17.073516225667184,24.990946521779527,0.06709558823529412,0.12775735294117646,0.06709558823529412,0.057904411764705885,0.5045955882352942,0.0055147058823529415,0,2,7.8130684328108995
ml_kem_768_s138_liboqs.bin,ML-KEM-768,liboqs,4096,Random,1088,7.823862964125776,245.1764705882353,131.76011029411765,5716.059180870188,-0.041774272789417526,-1.229086041771488,-0.03279743319614686,10.070722345080517,10.084808387804364,547,0.15762582853882082,0.07267425514989263,0.071949947760224,17.79119795090472,24.289457055865153,0.06985294117647059,0.12775735294117646,0.0661764705882353,0.08088235294117647,0.5082720588235294,0.008272058823529412,0,2,7.8072835784433465
ml_kem_768_s139_liboqs.bin,ML-KEM-768,liboqs,256,ANSI_X923,1088,7.833363717463256,240.94117647058823,124.75459558823529,5794.177828145274,0.06102616922681936,-1.2720548599192487,-0.009602140586670395,10.060377255386095,10.084808387804364,530,-0.8473478502211916,0.07049884743512563,0.08170337313582098,17.976893347118043,24.68868392585686,0.06801470588235294,0.12683823529411764,0.07169117647058823,0.06801470588235294,0.4806985294117647,0.006433823529411764,0,2,7.859626100063126
